Country,Country_Code,Year,Electric cars sold
Australia,AUS,2012,250
Australia,AUS,2013,290
Australia,AUS,2014,1320
Australia,AUS,2015,1760
Australia,AUS,2016,1370
Australia,AUS,2017,2300
Australia,AUS,2018,3600
Australia,AUS,2019,9200
Australia,AUS,2020,6900
Australia,AUS,2021,20400
Australia,AUS,2022,38900
Australia,AUS,2023,98000
Australia,AUS,2024,112000
Austria,AUT,2015,2800
Austria,AUT,2016,5000
Austria,AUT,2017,7100
Austria,AUT,2018,9100
Austria,AUT,2019,11500
Austria,AUT,2020,23600
Austria,AUT,2021,48000
Austria,AUT,2022,47000
Austria,AUT,2023,65000
Austria,AUT,2024,62000
Belgium,BEL,2010,56
Belgium,BEL,2011,296
Belgium,BEL,2012,910
Belgium,BEL,2013,560
Belgium,BEL,2014,1950
Belgium,BEL,2015,3900
Belgium,BEL,2016,9200
Belgium,BEL,2017,14700
Belgium,BEL,2018,13200
Belgium,BEL,2019,17700
Belgium,BEL,2020,47000
Belgium,BEL,2021,71000
Belgium,BEL,2022,97000
Belgium,BEL,2023,193000
Belgium,BEL,2024,197000
Brazil,BRA,2012,40
Brazil,BRA,2013,72
Brazil,BRA,2015,89
Brazil,BRA,2016,177
Brazil,BRA,2017,430
Brazil,BRA,2018,410
Brazil,BRA,2019,1940
Brazil,BRA,2020,2600
Brazil,BRA,2021,13900
Brazil,BRA,2022,18500
Brazil,BRA,2023,52000
Brazil,BRA,2024,125000
Canada,CAN,2011,520
Canada,CAN,2012,1920
Canada,CAN,2013,3100
Canada,CAN,2014,5100
Canada,CAN,2015,6800
Canada,CAN,2016,11600
Canada,CAN,2017,16700
Canada,CAN,2018,44000
Canada,CAN,2019,51000
Canada,CAN,2020,51000
Canada,CAN,2021,87000
Canada,CAN,2022,115000
Canada,CAN,2023,171000
Canada,CAN,2024,252000
Chile,CHL,2014,19
Chile,CHL,2015,36
Chile,CHL,2016,31
Chile,CHL,2017,135
Chile,CHL,2018,198
Chile,CHL,2019,305
Chile,CHL,2020,239
Chile,CHL,2021,860
Chile,CHL,2022,1770
Chile,CHL,2023,2110
Chile,CHL,2024,5600
China,CHN,2010,1440
China,CHN,2011,5120
China,CHN,2012,9860
China,CHN,2013,15730
China,CHN,2014,73000
China,CHN,2015,211000
China,CHN,2016,339000
China,CHN,2017,580000
China,CHN,2018,1090000
China,CHN,2019,1060000
China,CHN,2020,1140000
China,CHN,2021,3250000
China,CHN,2022,5900000
China,CHN,2023,8100000
China,CHN,2024,11300000
Denmark,DNK,2011,422
Denmark,DNK,2012,502
Denmark,DNK,2013,510
Denmark,DNK,2014,1690
Denmark,DNK,2015,4720
Denmark,DNK,2016,1870
Denmark,DNK,2017,1330
Denmark,DNK,2018,4600
Denmark,DNK,2019,9400
Denmark,DNK,2020,32000
Denmark,DNK,2021,65000
Denmark,DNK,2022,57000
Denmark,DNK,2023,80000
Denmark,DNK,2024,96100
Finland,FIN,2012,181
Finland,FIN,2013,220
Finland,FIN,2014,440
Finland,FIN,2015,660
Finland,FIN,2016,1420
Finland,FIN,2017,3100
Finland,FIN,2018,5680
Finland,FIN,2019,7900
Finland,FIN,2020,17200
Finland,FIN,2021,30000
Finland,FIN,2022,31000
Finland,FIN,2023,48000
Finland,FIN,2024,37000
France,FRA,2010,272
France,FRA,2011,2656
France,FRA,2012,6360
France,FRA,2013,9750
France,FRA,2014,13100
France,FRA,2015,23800
France,FRA,2016,30600
France,FRA,2017,38000
France,FRA,2018,48000
France,FRA,2019,64000
France,FRA,2020,185000
France,FRA,2021,310000
France,FRA,2022,340000
France,FRA,2023,470000
France,FRA,2024,450000
Germany,DEU,2011,1640
Germany,DEU,2012,3400
Germany,DEU,2013,6800
Germany,DEU,2014,13500
Germany,DEU,2015,23000
Germany,DEU,2016,24000
Germany,DEU,2017,54000
Germany,DEU,2018,67000
Germany,DEU,2019,108000
Germany,DEU,2020,390000
Germany,DEU,2021,690000
Germany,DEU,2022,830000
Germany,DEU,2023,700000
Germany,DEU,2024,570000
Greece,GRC,2015,57
Greece,GRC,2016,97
Greece,GRC,2017,190
Greece,GRC,2018,298
Greece,GRC,2019,480
Greece,GRC,2020,2180
Greece,GRC,2021,7000
Greece,GRC,2022,8300
Greece,GRC,2023,17000
Greece,GRC,2024,17000
Iceland,ISL,2012,26
Iceland,ISL,2013,103
Iceland,ISL,2014,229
Iceland,ISL,2015,560
Iceland,ISL,2016,1160
Iceland,ISL,2017,3040
Iceland,ISL,2018,3680
Iceland,ISL,2019,3100
Iceland,ISL,2020,4900
Iceland,ISL,2021,9100
Iceland,ISL,2022,12000
Iceland,ISL,2023,12400
Iceland,ISL,2024,4300
India,IND,2019,687
India,IND,2020,3143
India,IND,2021,12050
India,IND,2022,48023
India,IND,2023,82270
India,IND,2024,92095
Israel,ISR,2012,601
Israel,ISR,2013,477
Israel,ISR,2014,58
Israel,ISR,2015,68
Israel,ISR,2016,68
Israel,ISR,2017,1630
Israel,ISR,2018,3730
Israel,ISR,2019,4750
Israel,ISR,2020,6900
Israel,ISR,2021,24000
Israel,ISR,2022,43000
Israel,ISR,2023,65000
Israel,ISR,2024,76400
Italy,ITA,2013,1040
Italy,ITA,2014,1340
Italy,ITA,2015,2240
Italy,ITA,2016,2700
Italy,ITA,2017,4900
Italy,ITA,2018,9700
Italy,ITA,2019,17500
Italy,ITA,2020,60000
Italy,ITA,2021,138000
Italy,ITA,2022,114000
Italy,ITA,2023,136000
Italy,ITA,2024,118000
Japan,JPN,2011,13015
Japan,JPN,2012,24000
Japan,JPN,2013,29000
Japan,JPN,2014,32000
Japan,JPN,2015,24000
Japan,JPN,2016,24400
Japan,JPN,2017,54000
Japan,JPN,2018,50000
Japan,JPN,2019,39000
Japan,JPN,2020,30000
Japan,JPN,2021,45000
Japan,JPN,2022,97000
Japan,JPN,2023,140000
Japan,JPN,2024,103000
Mexico,MEX,2015,99
Mexico,MEX,2016,770
Mexico,MEX,2017,1200
Mexico,MEX,2018,1800
Mexico,MEX,2019,1690
Mexico,MEX,2020,3800
Mexico,MEX,2021,6500
Mexico,MEX,2022,8400
Mexico,MEX,2023,16100
Mexico,MEX,2024,27100
Netherlands,NLD,2011,877
Netherlands,NLD,2012,5090
Netherlands,NLD,2013,22600
Netherlands,NLD,2014,14700
Netherlands,NLD,2015,15400
Netherlands,NLD,2016,43000
Netherlands,NLD,2017,26000
Netherlands,NLD,2018,27600
Netherlands,NLD,2019,66500
Netherlands,NLD,2020,87000
Netherlands,NLD,2021,94000
Netherlands,NLD,2022,107000
Netherlands,NLD,2023,156000
Netherlands,NLD,2024,182000
New Zealand,NZL,2011,15
New Zealand,NZL,2012,27
New Zealand,NZL,2013,36
New Zealand,NZL,2014,320
New Zealand,NZL,2015,500
New Zealand,NZL,2016,1540
New Zealand,NZL,2017,3440
New Zealand,NZL,2018,5600
New Zealand,NZL,2019,6900
New Zealand,NZL,2020,5400
New Zealand,NZL,2021,10300
New Zealand,NZL,2022,28200
New Zealand,NZL,2023,30000
New Zealand,NZL,2024,9700
Norway,NOR,2012,4220
Norway,NOR,2013,8240
Norway,NOR,2014,21700
Norway,NOR,2015,33900
Norway,NOR,2016,45000
Norway,NOR,2017,62000
Norway,NOR,2018,73000
Norway,NOR,2019,79000
Norway,NOR,2020,106000
Norway,NOR,2021,148000
Norway,NOR,2022,156000
Norway,NOR,2023,110000
Norway,NOR,2024,113500
Poland,POL,2010,16
Poland,POL,2012,48
Poland,POL,2013,37
Poland,POL,2014,201
Poland,POL,2015,220
Poland,POL,2016,510
Poland,POL,2017,1080
Poland,POL,2018,1380
Poland,POL,2019,2700
Poland,POL,2020,8200
Poland,POL,2021,16300
Poland,POL,2022,25000
Poland,POL,2023,30000
Poland,POL,2024,32000
Portugal,PRT,2011,172
Portugal,PRT,2012,84
Portugal,PRT,2013,185
Portugal,PRT,2014,288
Portugal,PRT,2015,1100
Portugal,PRT,2016,1800
Portugal,PRT,2017,4400
Portugal,PRT,2018,8200
Portugal,PRT,2019,12600
Portugal,PRT,2020,19800
Portugal,PRT,2021,29000
Portugal,PRT,2022,34000
Portugal,PRT,2023,63000
Portugal,PRT,2024,70000
South Korea,KOR,2015,3350
South Korea,KOR,2016,5030
South Korea,KOR,2017,14670
South Korea,KOR,2018,59400
South Korea,KOR,2019,35700
South Korea,KOR,2020,39700
South Korea,KOR,2021,91000
South Korea,KOR,2022,131000
South Korea,KOR,2023,132000
South Korea,KOR,2024,127900
Spain,ESP,2011,398
Spain,ESP,2012,540
Spain,ESP,2013,882
Spain,ESP,2014,1730
Spain,ESP,2015,2080
Spain,ESP,2016,3500
Spain,ESP,2017,7400
Spain,ESP,2018,11600
Spain,ESP,2019,17400
Spain,ESP,2020,42000
Spain,ESP,2021,67000
Spain,ESP,2022,82000
Spain,ESP,2023,122000
Spain,ESP,2024,128000
Sweden,SWE,2012,930
Sweden,SWE,2013,1530
Sweden,SWE,2014,4600
Sweden,SWE,2015,8700
Sweden,SWE,2016,12900
Sweden,SWE,2017,20400
Sweden,SWE,2018,29100
Sweden,SWE,2019,41000
Sweden,SWE,2020,94000
Sweden,SWE,2021,135000
Sweden,SWE,2022,163000
Sweden,SWE,2023,171000
Sweden,SWE,2024,157000
Switzerland,CHE,2011,441
Switzerland,CHE,2012,740
Switzerland,CHE,2013,1370
Switzerland,CHE,2014,2900
Switzerland,CHE,2015,5700
Switzerland,CHE,2016,6100
Switzerland,CHE,2017,8400
Switzerland,CHE,2018,9500
Switzerland,CHE,2019,17300
Switzerland,CHE,2020,34000
Switzerland,CHE,2021,54000
Switzerland,CHE,2022,59000
Switzerland,CHE,2023,76000
Switzerland,CHE,2024,67000
Turkey,TUR,2014,68
Turkey,TUR,2015,230
Turkey,TUR,2016,127
Turkey,TUR,2017,111
Turkey,TUR,2018,235
Turkey,TUR,2019,324
Turkey,TUR,2020,1290
Turkey,TUR,2021,3920
Turkey,TUR,2022,7540
Turkey,TUR,2023,68700
Turkey,TUR,2024,105700
United Kingdom,GBR,2010,261
United Kingdom,GBR,2011,1207
United Kingdom,GBR,2012,2570
United Kingdom,GBR,2013,3700
United Kingdom,GBR,2014,14500
United Kingdom,GBR,2015,29000
United Kingdom,GBR,2016,39000
United Kingdom,GBR,2017,49000
United Kingdom,GBR,2018,62000
United Kingdom,GBR,2019,75000
United Kingdom,GBR,2020,178000
United Kingdom,GBR,2021,310000
United Kingdom,GBR,2022,370000
United Kingdom,GBR,2023,450000
United Kingdom,GBR,2024,550000
United States,USA,2011,17800
United States,USA,2012,54000
United States,USA,2013,97000
United States,USA,2014,118000
United States,USA,2015,114000
United States,USA,2016,160000
United States,USA,2017,194000
United States,USA,2018,360000
United States,USA,2019,325000
United States,USA,2020,294000
United States,USA,2021,630000
United States,USA,2022,990000
United States,USA,2023,1390000
United States,USA,2024,1520000
